Municipios,Distritos,Secciones,Indicadores de renta media y mediana,Periodo,Total,distrito_limpio
41091 Sevilla,4109101 Sevilla distrito 01,4109101001 Sevilla sección 01001,Renta neta media por hogar,2023,42893.0,Palmera - Bellavista
41091 Sevilla,4109101 Sevilla distrito 01,4109101002 Sevilla sección 01002,Renta neta media por hogar,2023,45155.0,Palmera - Bellavista
41091 Sevilla,4109101 Sevilla distrito 01,4109101003 Sevilla sección 01003,Renta neta media por hogar,2023,41317.0,Palmera - Bellavista
41091 Sevilla,4109101 Sevilla distrito 01,4109101004 Sevilla sección 01004,Renta neta media por hogar,2023,45585.0,Palmera - Bellavista
41091 Sevilla,4109101 Sevilla distrito 01,4109101005 Sevilla sección 01005,Renta neta media por hogar,2023,42404.0,Palmera - Bellavista
41091 Sevilla,4109101 Sevilla distrito 01,4109101006 Sevilla sección 01006,Renta neta media por hogar,2023,45142.0,Palmera - Bellavista
41091 Sevilla,4109101 Sevilla distrito 01,4109101007 Sevilla sección 01007,Renta neta media por hogar,2023,53338.0,Palmera - Bellavista
41091 Sevilla,4109101 Sevilla distrito 01,4109101008 Sevilla sección 01008,Renta neta media por hogar,2023,44815.0,Palmera - Bellavista
41091 Sevilla,4109101 Sevilla distrito 01,4109101009 Sevilla sección 01009,Renta neta media por hogar,2023,46773.0,Palmera - Bellavista
41091 Sevilla,4109101 Sevilla distrito 01,4109101010 Sevilla sección 01010,Renta neta media por hogar,2023,44599.0,Palmera - Bellavista
41091 Sevilla,4109101 Sevilla distrito 01,4109101011 Sevilla sección 01011,Renta neta media por hogar,2023,47485.0,Palmera - Bellavista
41091 Sevilla,4109101 Sevilla distrito 01,4109101012 Sevilla sección 01012,Renta neta media por hogar,2023,49089.0,Palmera - Bellavista
41091 Sevilla,4109101 Sevilla distrito 01,4109101013 Sevilla sección 01013,Renta neta media por hogar,2023,51647.0,Palmera - Bellavista
41091 Sevilla,4109101 Sevilla distrito 01,4109101014 Sevilla sección 01014,Renta neta media por hogar,2023,42883.0,Palmera - Bellavista
41091 Sevilla,4109101 Sevilla distrito 01,4109101015 Sevilla sección 01015,Renta neta media por hogar,2023,,Palmera - Bellavista
41091 Sevilla,4109101 Sevilla distrito 01,4109101016 Sevilla sección 01016,Renta neta media por hogar,2023,45707.0,Palmera - Bellavista
41091 Sevilla,4109101 Sevilla distrito 01,4109101017 Sevilla sección 01017,Renta neta media por hogar,2023,40332.0,Palmera - Bellavista
41091 Sevilla,4109101 Sevilla distrito 01,4109101018 Sevilla sección 01018,Renta neta media por hogar,2023,36490.0,Palmera - Bellavista
41091 Sevilla,4109101 Sevilla distrito 01,4109101019 Sevilla sección 01019,Renta neta media por hogar,2023,35503.0,Palmera - Bellavista
41091 Sevilla,4109101 Sevilla distrito 01,4109101020 Sevilla sección 01020,Renta neta media por hogar,2023,36576.0,Palmera - Bellavista
41091 Sevilla,4109101 Sevilla distrito 01,4109101021 Sevilla sección 01021,Renta neta media por hogar,2023,47913.0,Palmera - Bellavista
41091 Sevilla,4109101 Sevilla distrito 01,4109101022 Sevilla sección 01022,Renta neta media por hogar,2023,38200.0,Palmera - Bellavista
41091 Sevilla,4109101 Sevilla distrito 01,4109101023 Sevilla sección 01023,Renta neta media por hogar,2023,38323.0,Palmera - Bellavista
41091 Sevilla,4109101 Sevilla distrito 01,4109101024 Sevilla sección 01024,Renta neta media por hogar,2023,37853.0,Palmera - Bellavista
41091 Sevilla,4109101 Sevilla distrito 01,4109101025 Sevilla sección 01025,Renta neta media por hogar,2023,38441.0,Palmera - Bellavista
41091 Sevilla,4109101 Sevilla distrito 01,4109101026 Sevilla sección 01026,Renta neta media por hogar,2023,47520.0,Palmera - Bellavista
41091 Sevilla,4109101 Sevilla distrito 01,4109101027 Sevilla sección 01027,Renta neta media por hogar,2023,60764.0,Palmera - Bellavista
41091 Sevilla,4109101 Sevilla distrito 01,4109101028 Sevilla sección 01028,Renta neta media por hogar,2023,39622.0,Palmera - Bellavista
41091 Sevilla,4109101 Sevilla distrito 01,4109101029 Sevilla sección 01029,Renta neta media por hogar,2023,39704.0,Palmera - Bellavista
41091 Sevilla,4109101 Sevilla distrito 01,4109101030 Sevilla sección 01030,Renta neta media por hogar,2023,47335.0,Palmera - Bellavista
41091 Sevilla,4109101 Sevilla distrito 01,4109101032 Sevilla sección 01032,Renta neta media por hogar,2023,41174.0,Palmera - Bellavista
41091 Sevilla,4109101 Sevilla distrito 01,4109101033 Sevilla sección 01033,Renta neta media por hogar,2023,39843.0,Palmera - Bellavista
41091 Sevilla,4109101 Sevilla distrito 01,4109101034 Sevilla sección 01034,Renta neta media por hogar,2023,57972.0,Palmera - Bellavista
41091 Sevilla,4109101 Sevilla distrito 01,4109101035 Sevilla sección 01035,Renta neta media por hogar,2023,52765.0,Palmera - Bellavista
41091 Sevilla,4109101 Sevilla distrito 01,4109101036 Sevilla sección 01036,Renta neta media por hogar,2023,,Palmera - Bellavista
41091 Sevilla,4109101 Sevilla distrito 01,4109101037 Sevilla sección 01037,Renta neta media por hogar,2023,71967.0,Palmera - Bellavista
41091 Sevilla,4109101 Sevilla distrito 01,4109101038 Sevilla sección 01038,Renta neta media por hogar,2023,56243.0,Palmera - Bellavista
41091 Sevilla,4109101 Sevilla distrito 01,4109101039 Sevilla sección 01039,Renta neta media por hogar,2023,55337.0,Palmera - Bellavista
41091 Sevilla,4109101 Sevilla distrito 01,4109101040 Sevilla sección 01040,Renta neta media por hogar,2023,52613.0,Palmera - Bellavista
41091 Sevilla,4109101 Sevilla distrito 01,4109101041 Sevilla sección 01041,Renta neta media por hogar,2023,66341.0,Palmera - Bellavista
41091 Sevilla,4109101 Sevilla distrito 01,4109101042 Sevilla sección 01042,Renta neta media por hogar,2023,47844.0,Palmera - Bellavista
41091 Sevilla,4109101 Sevilla distrito 01,4109101043 Sevilla sección 01043,Renta neta media por hogar,2023,59984.0,Palmera - Bellavista
41091 Sevilla,4109101 Sevilla distrito 01,4109101044 Sevilla sección 01044,Renta neta media por hogar,2023,,Palmera - Bellavista
41091 Sevilla,4109101 Sevilla distrito 01,4109101045 Sevilla sección 01045,Renta neta media por hogar,2023,44961.0,Palmera - Bellavista
41091 Sevilla,4109101 Sevilla distrito 01,4109101046 Sevilla sección 01046,Renta neta media por hogar,2023,48087.0,Palmera - Bellavista
41091 Sevilla,4109101 Sevilla distrito 01,4109101047 Sevilla sección 01047,Renta neta media por hogar,2023,49054.0,Palmera - Bellavista
41091 Sevilla,4109101 Sevilla distrito 01,4109101048 Sevilla sección 01048,Renta neta media por hogar,2023,42015.0,Palmera - Bellavista
41091 Sevilla,4109101 Sevilla distrito 01,4109101049 Sevilla sección 01049,Renta neta media por hogar,2023,44188.0,Palmera - Bellavista
41091 Sevilla,4109101 Sevilla distrito 01,4109101050 Sevilla sección 01050,Renta neta media por hogar,2023,41114.0,Palmera - Bellavista
41091 Sevilla,4109101 Sevilla distrito 01,4109101051 Sevilla sección 01051,Renta neta media por hogar,2023,48826.0,Palmera - Bellavista
41091 Sevilla,4109102 Sevilla distrito 02,4109102001 Sevilla sección 02001,Renta neta media por hogar,2023,39638.0,Casco Antiguo
41091 Sevilla,4109102 Sevilla distrito 02,4109102002 Sevilla sección 02002,Renta neta media por hogar,2023,25236.0,Casco Antiguo
41091 Sevilla,4109102 Sevilla distrito 02,4109102003 Sevilla sección 02003,Renta neta media por hogar,2023,41877.0,Casco Antiguo
41091 Sevilla,4109102 Sevilla distrito 02,4109102004 Sevilla sección 02004,Renta neta media por hogar,2023,43194.0,Casco Antiguo
41091 Sevilla,4109102 Sevilla distrito 02,4109102005 Sevilla sección 02005,Renta neta media por hogar,2023,48494.0,Casco Antiguo
41091 Sevilla,4109102 Sevilla distrito 02,4109102006 Sevilla sección 02006,Renta neta media por hogar,2023,34364.0,Casco Antiguo
41091 Sevilla,4109102 Sevilla distrito 02,4109102007 Sevilla sección 02007,Renta neta media por hogar,2023,35892.0,Casco Antiguo
41091 Sevilla,4109102 Sevilla distrito 02,4109102008 Sevilla sección 02008,Renta neta media por hogar,2023,30130.0,Casco Antiguo
41091 Sevilla,4109102 Sevilla distrito 02,4109102009 Sevilla sección 02009,Renta neta media por hogar,2023,22306.0,Casco Antiguo
41091 Sevilla,4109102 Sevilla distrito 02,4109102010 Sevilla sección 02010,Renta neta media por hogar,2023,20867.0,Casco Antiguo
41091 Sevilla,4109102 Sevilla distrito 02,4109102011 Sevilla sección 02011,Renta neta media por hogar,2023,22095.0,Casco Antiguo
41091 Sevilla,4109102 Sevilla distrito 02,4109102012 Sevilla sección 02012,Renta neta media por hogar,2023,21664.0,Casco Antiguo
41091 Sevilla,4109102 Sevilla distrito 02,4109102013 Sevilla sección 02013,Renta neta media por hogar,2023,23043.0,Casco Antiguo
41091 Sevilla,4109102 Sevilla distrito 02,4109102014 Sevilla sección 02014,Renta neta media por hogar,2023,27937.0,Casco Antiguo
41091 Sevilla,4109102 Sevilla distrito 02,4109102015 Sevilla sección 02015,Renta neta media por hogar,2023,23762.0,Casco Antiguo
41091 Sevilla,4109102 Sevilla distrito 02,4109102016 Sevilla sección 02016,Renta neta media por hogar,2023,25401.0,Casco Antiguo
41091 Sevilla,4109102 Sevilla distrito 02,4109102017 Sevilla sección 02017,Renta neta media por hogar,2023,33142.0,Casco Antiguo
41091 Sevilla,4109102 Sevilla distrito 02,4109102018 Sevilla sección 02018,Renta neta media por hogar,2023,29978.0,Casco Antiguo
41091 Sevilla,4109102 Sevilla distrito 02,4109102019 Sevilla sección 02019,Renta neta media por hogar,2023,36599.0,Casco Antiguo
41091 Sevilla,4109102 Sevilla distrito 02,4109102020 Sevilla sección 02020,Renta neta media por hogar,2023,43677.0,Casco Antiguo
41091 Sevilla,4109102 Sevilla distrito 02,4109102021 Sevilla sección 02021,Renta neta media por hogar,2023,26440.0,Casco Antiguo
41091 Sevilla,4109102 Sevilla distrito 02,4109102022 Sevilla sección 02022,Renta neta media por hogar,2023,25827.0,Casco Antiguo
41091 Sevilla,4109102 Sevilla distrito 02,4109102023 Sevilla sección 02023,Renta neta media por hogar,2023,21347.0,Casco Antiguo
41091 Sevilla,4109102 Sevilla distrito 02,4109102024 Sevilla sección 02024,Renta neta media por hogar,2023,32070.0,Casco Antiguo
41091 Sevilla,4109102 Sevilla distrito 02,4109102025 Sevilla sección 02025,Renta neta media por hogar,2023,24086.0,Casco Antiguo
41091 Sevilla,4109102 Sevilla distrito 02,4109102026 Sevilla sección 02026,Renta neta media por hogar,2023,24315.0,Casco Antiguo
41091 Sevilla,4109102 Sevilla distrito 02,4109102027 Sevilla sección 02027,Renta neta media por hogar,2023,30204.0,Casco Antiguo
41091 Sevilla,4109102 Sevilla distrito 02,4109102028 Sevilla sección 02028,Renta neta media por hogar,2023,24770.0,Casco Antiguo
41091 Sevilla,4109102 Sevilla distrito 02,4109102029 Sevilla sección 02029,Renta neta media por hogar,2023,23666.0,Casco Antiguo
41091 Sevilla,4109102 Sevilla distrito 02,4109102030 Sevilla sección 02030,Renta neta media por hogar,2023,24889.0,Casco Antiguo
41091 Sevilla,4109102 Sevilla distrito 02,4109102031 Sevilla sección 02031,Renta neta media por hogar,2023,19848.0,Casco Antiguo
41091 Sevilla,4109102 Sevilla distrito 02,4109102032 Sevilla sección 02032,Renta neta media por hogar,2023,36937.0,Casco Antiguo
41091 Sevilla,4109102 Sevilla distrito 02,4109102033 Sevilla sección 02033,Renta neta media por hogar,2023,30991.0,Casco Antiguo
41091 Sevilla,4109102 Sevilla distrito 02,4109102036 Sevilla sección 02036,Renta neta media por hogar,2023,22897.0,Casco Antiguo
41091 Sevilla,4109102 Sevilla distrito 02,4109102038 Sevilla sección 02038,Renta neta media por hogar,2023,28524.0,Casco Antiguo
41091 Sevilla,4109102 Sevilla distrito 02,4109102039 Sevilla sección 02039,Renta neta media por hogar,2023,27607.0,Casco Antiguo
41091 Sevilla,4109102 Sevilla distrito 02,4109102040 Sevilla sección 02040,Renta neta media por hogar,2023,29395.0,Casco Antiguo
41091 Sevilla,4109102 Sevilla distrito 02,4109102041 Sevilla sección 02041,Renta neta media por hogar,2023,20403.0,Casco Antiguo
41091 Sevilla,4109102 Sevilla distrito 02,4109102042 Sevilla sección 02042,Renta neta media por hogar,2023,22459.0,Casco Antiguo
41091 Sevilla,4109102 Sevilla distrito 02,4109102043 Sevilla sección 02043,Renta neta media por hogar,2023,30112.0,Casco Antiguo
41091 Sevilla,4109102 Sevilla distrito 02,4109102044 Sevilla sección 02044,Renta neta media por hogar,2023,43567.0,Casco Antiguo
41091 Sevilla,4109102 Sevilla distrito 02,4109102045 Sevilla sección 02045,Renta neta media por hogar,2023,38350.0,Casco Antiguo
41091 Sevilla,4109102 Sevilla distrito 02,4109102047 Sevilla sección 02047,Renta neta media por hogar,2023,19664.0,Casco Antiguo
41091 Sevilla,4109102 Sevilla distrito 02,4109102048 Sevilla sección 02048,Renta neta media por hogar,2023,45313.0,Casco Antiguo
41091 Sevilla,4109102 Sevilla distrito 02,4109102049 Sevilla sección 02049,Renta neta media por hogar,2023,25106.0,Casco Antiguo
41091 Sevilla,4109102 Sevilla distrito 02,4109102050 Sevilla sección 02050,Renta neta media por hogar,2023,25724.0,Casco Antiguo
41091 Sevilla,4109102 Sevilla distrito 02,4109102051 Sevilla sección 02051,Renta neta media por hogar,2023,,Casco Antiguo
41091 Sevilla,4109102 Sevilla distrito 02,4109102052 Sevilla sección 02052,Renta neta media por hogar,2023,23548.0,Casco Antiguo
41091 Sevilla,4109102 Sevilla distrito 02,4109102053 Sevilla sección 02053,Renta neta media por hogar,2023,30567.0,Casco Antiguo
41091 Sevilla,4109102 Sevilla distrito 02,4109102054 Sevilla sección 02054,Renta neta media por hogar,2023,25232.0,Casco Antiguo
41091 Sevilla,4109102 Sevilla distrito 02,4109102055 Sevilla sección 02055,Renta neta media por hogar,2023,,Casco Antiguo
41091 Sevilla,4109102 Sevilla distrito 02,4109102056 Sevilla sección 02056,Renta neta media por hogar,2023,34509.0,Casco Antiguo
41091 Sevilla,4109102 Sevilla distrito 02,4109102057 Sevilla sección 02057,Renta neta media por hogar,2023,28289.0,Casco Antiguo
41091 Sevilla,4109102 Sevilla distrito 02,4109102058 Sevilla sección 02058,Renta neta media por hogar,2023,21816.0,Casco Antiguo
41091 Sevilla,4109102 Sevilla distrito 02,4109102059 Sevilla sección 02059,Renta neta media por hogar,2023,,Casco Antiguo
41091 Sevilla,4109102 Sevilla distrito 02,4109102060 Sevilla sección 02060,Renta neta media por hogar,2023,27903.0,Casco Antiguo
41091 Sevilla,4109102 Sevilla distrito 02,4109102061 Sevilla sección 02061,Renta neta media por hogar,2023,37084.0,Casco Antiguo
41091 Sevilla,4109102 Sevilla distrito 02,4109102063 Sevilla sección 02063,Renta neta media por hogar,2023,29573.0,Casco Antiguo
41091 Sevilla,4109102 Sevilla distrito 02,4109102064 Sevilla sección 02064,Renta neta media por hogar,2023,38032.0,Casco Antiguo
41091 Sevilla,4109102 Sevilla distrito 02,4109102065 Sevilla sección 02065,Renta neta media por hogar,2023,43107.0,Casco Antiguo
41091 Sevilla,4109102 Sevilla distrito 02,4109102066 Sevilla sección 02066,Renta neta media por hogar,2023,32826.0,Casco Antiguo
41091 Sevilla,4109102 Sevilla distrito 02,4109102067 Sevilla sección 02067,Renta neta media por hogar,2023,40783.0,Casco Antiguo
41091 Sevilla,4109103 Sevilla distrito 03,4109103001 Sevilla sección 03001,Renta neta media por hogar,2023,46799.0,Cerro - Amate
41091 Sevilla,4109103 Sevilla distrito 03,4109103002 Sevilla sección 03002,Renta neta media por hogar,2023,49622.0,Cerro - Amate
41091 Sevilla,4109103 Sevilla distrito 03,4109103003 Sevilla sección 03003,Renta neta media por hogar,2023,66034.0,Cerro - Amate
41091 Sevilla,4109103 Sevilla distrito 03,4109103004 Sevilla sección 03004,Renta neta media por hogar,2023,40438.0,Cerro - Amate
41091 Sevilla,4109103 Sevilla distrito 03,4109103005 Sevilla sección 03005,Renta neta media por hogar,2023,54480.0,Cerro - Amate
41091 Sevilla,4109103 Sevilla distrito 03,4109103006 Sevilla sección 03006,Renta neta media por hogar,2023,60182.0,Cerro - Amate
41091 Sevilla,4109103 Sevilla distrito 03,4109103007 Sevilla sección 03007,Renta neta media por hogar,2023,38385.0,Cerro - Amate
41091 Sevilla,4109103 Sevilla distrito 03,4109103008 Sevilla sección 03008,Renta neta media por hogar,2023,47908.0,Cerro - Amate
41091 Sevilla,4109103 Sevilla distrito 03,4109103009 Sevilla sección 03009,Renta neta media por hogar,2023,50942.0,Cerro - Amate
41091 Sevilla,4109103 Sevilla distrito 03,4109103010 Sevilla sección 03010,Renta neta media por hogar,2023,63186.0,Cerro - Amate
41091 Sevilla,4109103 Sevilla distrito 03,4109103011 Sevilla sección 03011,Renta neta media por hogar,2023,59908.0,Cerro - Amate
41091 Sevilla,4109103 Sevilla distrito 03,4109103012 Sevilla sección 03012,Renta neta media por hogar,2023,45416.0,Cerro - Amate
41091 Sevilla,4109103 Sevilla distrito 03,4109103013 Sevilla sección 03013,Renta neta media por hogar,2023,55195.0,Cerro - Amate
41091 Sevilla,4109103 Sevilla distrito 03,4109103014 Sevilla sección 03014,Renta neta media por hogar,2023,58180.0,Cerro - Amate
41091 Sevilla,4109103 Sevilla distrito 03,4109103015 Sevilla sección 03015,Renta neta media por hogar,2023,54673.0,Cerro - Amate
41091 Sevilla,4109103 Sevilla distrito 03,4109103016 Sevilla sección 03016,Renta neta media por hogar,2023,43625.0,Cerro - Amate
41091 Sevilla,4109103 Sevilla distrito 03,4109103017 Sevilla sección 03017,Renta neta media por hogar,2023,78028.0,Cerro - Amate
41091 Sevilla,4109103 Sevilla distrito 03,4109103019 Sevilla sección 03019,Renta neta media por hogar,2023,37798.0,Cerro - Amate
41091 Sevilla,4109103 Sevilla distrito 03,4109103020 Sevilla sección 03020,Renta neta media por hogar,2023,34401.0,Cerro - Amate
41091 Sevilla,4109103 Sevilla distrito 03,4109103021 Sevilla sección 03021,Renta neta media por hogar,2023,34617.0,Cerro - Amate
41091 Sevilla,4109103 Sevilla distrito 03,4109103022 Sevilla sección 03022,Renta neta media por hogar,2023,32946.0,Cerro - Amate
41091 Sevilla,4109103 Sevilla distrito 03,4109103023 Sevilla sección 03023,Renta neta media por hogar,2023,41887.0,Cerro - Amate
41091 Sevilla,4109103 Sevilla distrito 03,4109103024 Sevilla sección 03024,Renta neta media por hogar,2023,36908.0,Cerro - Amate
41091 Sevilla,4109103 Sevilla distrito 03,4109103025 Sevilla sección 03025,Renta neta media por hogar,2023,35347.0,Cerro - Amate
41091 Sevilla,4109103 Sevilla distrito 03,4109103026 Sevilla sección 03026,Renta neta media por hogar,2023,41045.0,Cerro - Amate
41091 Sevilla,4109103 Sevilla distrito 03,4109103027 Sevilla sección 03027,Renta neta media por hogar,2023,57841.0,Cerro - Amate
41091 Sevilla,4109103 Sevilla distrito 03,4109103028 Sevilla sección 03028,Renta neta media por hogar,2023,76888.0,Cerro - Amate
41091 Sevilla,4109103 Sevilla distrito 03,4109103029 Sevilla sección 03029,Renta neta media por hogar,2023,58061.0,Cerro - Amate
41091 Sevilla,4109103 Sevilla distrito 03,4109103030 Sevilla sección 03030,Renta neta media por hogar,2023,43196.0,Cerro - Amate
41091 Sevilla,4109103 Sevilla distrito 03,4109103031 Sevilla sección 03031,Renta neta media por hogar,2023,42522.0,Cerro - Amate
41091 Sevilla,4109103 Sevilla distrito 03,4109103032 Sevilla sección 03032,Renta neta media por hogar,2023,58456.0,Cerro - Amate
41091 Sevilla,4109103 Sevilla distrito 03,4109103033 Sevilla sección 03033,Renta neta media por hogar,2023,62349.0,Cerro - Amate
41091 Sevilla,4109103 Sevilla distrito 03,4109103034 Sevilla sección 03034,Renta neta media por hogar,2023,50801.0,Cerro - Amate
41091 Sevilla,4109103 Sevilla distrito 03,4109103035 Sevilla sección 03035,Renta neta media por hogar,2023,43862.0,Cerro - Amate
41091 Sevilla,4109103 Sevilla distrito 03,4109103036 Sevilla sección 03036,Renta neta media por hogar,2023,52521.0,Cerro - Amate
41091 Sevilla,4109103 Sevilla distrito 03,4109103037 Sevilla sección 03037,Renta neta media por hogar,2023,56854.0,Cerro - Amate
41091 Sevilla,4109103 Sevilla distrito 03,4109103038 Sevilla sección 03038,Renta neta media por hogar,2023,73285.0,Cerro - Amate
41091 Sevilla,4109103 Sevilla distrito 03,4109103039 Sevilla sección 03039,Renta neta media por hogar,2023,45073.0,Cerro - Amate
41091 Sevilla,4109103 Sevilla distrito 03,4109103040 Sevilla sección 03040,Renta neta media por hogar,2023,61228.0,Cerro - Amate
41091 Sevilla,4109103 Sevilla distrito 03,4109103041 Sevilla sección 03041,Renta neta media por hogar,2023,60582.0,Cerro - Amate
41091 Sevilla,4109103 Sevilla distrito 03,4109103042 Sevilla sección 03042,Renta neta media por hogar,2023,45583.0,Cerro - Amate
41091 Sevilla,4109104 Sevilla distrito 04,4109104001 Sevilla sección 04001,Renta neta media por hogar,2023,17450.0,Este - Alcosa - Torreblanca
41091 Sevilla,4109104 Sevilla distrito 04,4109104002 Sevilla sección 04002,Renta neta media por hogar,2023,17507.0,Este - Alcosa - Torreblanca
41091 Sevilla,4109104 Sevilla distrito 04,4109104003 Sevilla sección 04003,Renta neta media por hogar,2023,17450.0,Este - Alcosa - Torreblanca
41091 Sevilla,4109104 Sevilla distrito 04,4109104004 Sevilla sección 04004,Renta neta media por hogar,2023,17450.0,Este - Alcosa - Torreblanca
41091 Sevilla,4109104 Sevilla distrito 04,4109104005 Sevilla sección 04005,Renta neta media por hogar,2023,17664.0,Este - Alcosa - Torreblanca
41091 Sevilla,4109104 Sevilla distrito 04,4109104006 Sevilla sección 04006,Renta neta media por hogar,2023,17530.0,Este - Alcosa - Torreblanca
41091 Sevilla,4109104 Sevilla distrito 04,4109104007 Sevilla sección 04007,Renta neta media por hogar,2023,21589.0,Este - Alcosa - Torreblanca
41091 Sevilla,4109104 Sevilla distrito 04,4109104008 Sevilla sección 04008,Renta neta media por hogar,2023,19707.0,Este - Alcosa - Torreblanca
41091 Sevilla,4109104 Sevilla distrito 04,4109104009 Sevilla sección 04009,Renta neta media por hogar,2023,21459.0,Este - Alcosa - Torreblanca
41091 Sevilla,4109104 Sevilla distrito 04,4109104010 Sevilla sección 04010,Renta neta media por hogar,2023,29145.0,Este - Alcosa - Torreblanca
41091 Sevilla,4109104 Sevilla distrito 04,4109104011 Sevilla sección 04011,Renta neta media por hogar,2023,20058.0,Este - Alcosa - Torreblanca
41091 Sevilla,4109104 Sevilla distrito 04,4109104012 Sevilla sección 04012,Renta neta media por hogar,2023,21795.0,Este - Alcosa - Torreblanca
41091 Sevilla,4109104 Sevilla distrito 04,4109104013 Sevilla sección 04013,Renta neta media por hogar,2023,20364.0,Este - Alcosa - Torreblanca
41091 Sevilla,4109104 Sevilla distrito 04,4109104014 Sevilla sección 04014,Renta neta media por hogar,2023,28625.0,Este - Alcosa - Torreblanca
41091 Sevilla,4109104 Sevilla distrito 04,4109104015 Sevilla sección 04015,Renta neta media por hogar,2023,34686.0,Este - Alcosa - Torreblanca
41091 Sevilla,4109104 Sevilla distrito 04,4109104016 Sevilla sección 04016,Renta neta media por hogar,2023,24252.0,Este - Alcosa - Torreblanca
41091 Sevilla,4109104 Sevilla distrito 04,4109104017 Sevilla sección 04017,Renta neta media por hogar,2023,26574.0,Este - Alcosa - Torreblanca
41091 Sevilla,4109104 Sevilla distrito 04,4109104018 Sevilla sección 04018,Renta neta media por hogar,2023,25071.0,Este - Alcosa - Torreblanca
41091 Sevilla,4109104 Sevilla distrito 04,4109104019 Sevilla sección 04019,Renta neta media por hogar,2023,28558.0,Este - Alcosa - Torreblanca
41091 Sevilla,4109104 Sevilla distrito 04,4109104020 Sevilla sección 04020,Renta neta media por hogar,2023,27585.0,Este - Alcosa - Torreblanca
41091 Sevilla,4109104 Sevilla distrito 04,4109104021 Sevilla sección 04021,Renta neta media por hogar,2023,26408.0,Este - Alcosa - Torreblanca
41091 Sevilla,4109104 Sevilla distrito 04,4109104022 Sevilla sección 04022,Renta neta media por hogar,2023,28511.0,Este - Alcosa - Torreblanca
41091 Sevilla,4109104 Sevilla distrito 04,4109104023 Sevilla sección 04023,Renta neta media por hogar,2023,32287.0,Este - Alcosa - Torreblanca
41091 Sevilla,4109104 Sevilla distrito 04,4109104024 Sevilla sección 04024,Renta neta media por hogar,2023,31844.0,Este - Alcosa - Torreblanca
41091 Sevilla,4109104 Sevilla distrito 04,4109104025 Sevilla sección 04025,Renta neta media por hogar,2023,27975.0,Este - Alcosa - Torreblanca
41091 Sevilla,4109104 Sevilla distrito 04,4109104026 Sevilla sección 04026,Renta neta media por hogar,2023,26740.0,Este - Alcosa - Torreblanca
41091 Sevilla,4109104 Sevilla distrito 04,4109104027 Sevilla sección 04027,Renta neta media por hogar,2023,17450.0,Este - Alcosa - Torreblanca
41091 Sevilla,4109104 Sevilla distrito 04,4109104028 Sevilla sección 04028,Renta neta media por hogar,2023,,Este - Alcosa - Torreblanca
41091 Sevilla,4109104 Sevilla distrito 04,4109104029 Sevilla sección 04029,Renta neta media por hogar,2023,,Este - Alcosa - Torreblanca
41091 Sevilla,4109104 Sevilla distrito 04,4109104030 Sevilla sección 04030,Renta neta media por hogar,2023,19853.0,Este - Alcosa - Torreblanca
41091 Sevilla,4109104 Sevilla distrito 04,4109104031 Sevilla sección 04031,Renta neta media por hogar,2023,25440.0,Este - Alcosa - Torreblanca
41091 Sevilla,4109104 Sevilla distrito 04,4109104032 Sevilla sección 04032,Renta neta media por hogar,2023,31576.0,Este - Alcosa - Torreblanca
41091 Sevilla,4109104 Sevilla distrito 04,4109104033 Sevilla sección 04033,Renta neta media por hogar,2023,26876.0,Este - Alcosa - Torreblanca
41091 Sevilla,4109104 Sevilla distrito 04,4109104034 Sevilla sección 04034,Renta neta media por hogar,2023,34047.0,Este - Alcosa - Torreblanca
41091 Sevilla,4109104 Sevilla distrito 04,4109104035 Sevilla sección 04035,Renta neta media por hogar,2023,25982.0,Este - Alcosa - Torreblanca
41091 Sevilla,4109104 Sevilla distrito 04,4109104036 Sevilla sección 04036,Renta neta media por hogar,2023,21790.0,Este - Alcosa - Torreblanca
41091 Sevilla,4109104 Sevilla distrito 04,4109104037 Sevilla sección 04037,Renta neta media por hogar,2023,24390.0,Este - Alcosa - Torreblanca
41091 Sevilla,4109104 Sevilla distrito 04,4109104038 Sevilla sección 04038,Renta neta media por hogar,2023,,Este - Alcosa - Torreblanca
41091 Sevilla,4109104 Sevilla distrito 04,4109104039 Sevilla sección 04039,Renta neta media por hogar,2023,25616.0,Este - Alcosa - Torreblanca
41091 Sevilla,4109104 Sevilla distrito 04,4109104040 Sevilla sección 04040,Renta neta media por hogar,2023,27452.0,Este - Alcosa - Torreblanca
41091 Sevilla,4109104 Sevilla distrito 04,4109104041 Sevilla sección 04041,Renta neta media por hogar,2023,33485.0,Este - Alcosa - Torreblanca
41091 Sevilla,4109104 Sevilla distrito 04,4109104042 Sevilla sección 04042,Renta neta media por hogar,2023,30436.0,Este - Alcosa - Torreblanca
41091 Sevilla,4109104 Sevilla distrito 04,4109104043 Sevilla sección 04043,Renta neta media por hogar,2023,27412.0,Este - Alcosa - Torreblanca
41091 Sevilla,4109104 Sevilla distrito 04,4109104044 Sevilla sección 04044,Renta neta media por hogar,2023,24709.0,Este - Alcosa - Torreblanca
41091 Sevilla,4109104 Sevilla distrito 04,4109104045 Sevilla sección 04045,Renta neta media por hogar,2023,31926.0,Este - Alcosa - Torreblanca
41091 Sevilla,4109104 Sevilla distrito 04,4109104046 Sevilla sección 04046,Renta neta media por hogar,2023,28355.0,Este - Alcosa - Torreblanca
41091 Sevilla,4109104 Sevilla distrito 04,4109104047 Sevilla sección 04047,Renta neta media por hogar,2023,24977.0,Este - Alcosa - Torreblanca
41091 Sevilla,4109104 Sevilla distrito 04,4109104048 Sevilla sección 04048,Renta neta media por hogar,2023,25868.0,Este - Alcosa - Torreblanca
41091 Sevilla,4109104 Sevilla distrito 04,4109104049 Sevilla sección 04049,Renta neta media por hogar,2023,27156.0,Este - Alcosa - Torreblanca
41091 Sevilla,4109104 Sevilla distrito 04,4109104050 Sevilla sección 04050,Renta neta media por hogar,2023,27093.0,Este - Alcosa - Torreblanca
41091 Sevilla,4109104 Sevilla distrito 04,4109104052 Sevilla sección 04052,Renta neta media por hogar,2023,20952.0,Este - Alcosa - Torreblanca
41091 Sevilla,4109104 Sevilla distrito 04,4109104053 Sevilla sección 04053,Renta neta media por hogar,2023,25542.0,Este - Alcosa - Torreblanca
41091 Sevilla,4109104 Sevilla distrito 04,4109104054 Sevilla sección 04054,Renta neta media por hogar,2023,21300.0,Este - Alcosa - Torreblanca
41091 Sevilla,4109104 Sevilla distrito 04,4109104055 Sevilla sección 04055,Renta neta media por hogar,2023,26039.0,Este - Alcosa - Torreblanca
41091 Sevilla,4109104 Sevilla distrito 04,4109104056 Sevilla sección 04056,Renta neta media por hogar,2023,28789.0,Este - Alcosa - Torreblanca
41091 Sevilla,4109104 Sevilla distrito 04,4109104057 Sevilla sección 04057,Renta neta media por hogar,2023,31168.0,Este - Alcosa - Torreblanca
41091 Sevilla,4109104 Sevilla distrito 04,4109104058 Sevilla sección 04058,Renta neta media por hogar,2023,29739.0,Este - Alcosa - Torreblanca
41091 Sevilla,4109104 Sevilla distrito 04,4109104059 Sevilla sección 04059,Renta neta media por hogar,2023,34249.0,Este - Alcosa - Torreblanca
41091 Sevilla,4109104 Sevilla distrito 04,4109104060 Sevilla sección 04060,Renta neta media por hogar,2023,23756.0,Este - Alcosa - Torreblanca
41091 Sevilla,4109104 Sevilla distrito 04,4109104061 Sevilla sección 04061,Renta neta media por hogar,2023,27171.0,Este - Alcosa - Torreblanca
41091 Sevilla,4109104 Sevilla distrito 04,4109104062 Sevilla sección 04062,Renta neta media por hogar,2023,24553.0,Este - Alcosa - Torreblanca
41091 Sevilla,4109104 Sevilla distrito 04,4109104063 Sevilla sección 04063,Renta neta media por hogar,2023,23922.0,Este - Alcosa - Torreblanca
41091 Sevilla,4109104 Sevilla distrito 04,4109104064 Sevilla sección 04064,Renta neta media por hogar,2023,23201.0,Este - Alcosa - Torreblanca
41091 Sevilla,4109104 Sevilla distrito 04,4109104065 Sevilla sección 04065,Renta neta media por hogar,2023,29219.0,Este - Alcosa - Torreblanca
41091 Sevilla,4109104 Sevilla distrito 04,4109104066 Sevilla sección 04066,Renta neta media por hogar,2023,21139.0,Este - Alcosa - Torreblanca
41091 Sevilla,4109104 Sevilla distrito 04,4109104067 Sevilla sección 04067,Renta neta media por hogar,2023,32441.0,Este - Alcosa - Torreblanca
41091 Sevilla,4109104 Sevilla distrito 04,4109104068 Sevilla sección 04068,Renta neta media por hogar,2023,31177.0,Este - Alcosa - Torreblanca
41091 Sevilla,4109104 Sevilla distrito 04,4109104069 Sevilla sección 04069,Renta neta media por hogar,2023,27564.0,Este - Alcosa - Torreblanca
41091 Sevilla,4109104 Sevilla distrito 04,4109104070 Sevilla sección 04070,Renta neta media por hogar,2023,34922.0,Este - Alcosa - Torreblanca
41091 Sevilla,4109105 Sevilla distrito 05,4109105001 Sevilla sección 05001,Renta neta media por hogar,2023,69352.0,Los Remedios
41091 Sevilla,4109105 Sevilla distrito 05,4109105002 Sevilla sección 05002,Renta neta media por hogar,2023,61113.0,Los Remedios
41091 Sevilla,4109105 Sevilla distrito 05,4109105003 Sevilla sección 05003,Renta neta media por hogar,2023,64002.0,Los Remedios
41091 Sevilla,4109105 Sevilla distrito 05,4109105004 Sevilla sección 05004,Renta neta media por hogar,2023,48474.0,Los Remedios
41091 Sevilla,4109105 Sevilla distrito 05,4109105005 Sevilla sección 05005,Renta neta media por hogar,2023,71797.0,Los Remedios
41091 Sevilla,4109105 Sevilla distrito 05,4109105006 Sevilla sección 05006,Renta neta media por hogar,2023,52739.0,Los Remedios
41091 Sevilla,4109105 Sevilla distrito 05,4109105007 Sevilla sección 05007,Renta neta media por hogar,2023,56629.0,Los Remedios
41091 Sevilla,4109105 Sevilla distrito 05,4109105008 Sevilla sección 05008,Renta neta media por hogar,2023,46058.0,Los Remedios
41091 Sevilla,4109105 Sevilla distrito 05,4109105009 Sevilla sección 05009,Renta neta media por hogar,2023,33107.0,Los Remedios
41091 Sevilla,4109105 Sevilla distrito 05,4109105010 Sevilla sección 05010,Renta neta media por hogar,2023,23709.0,Los Remedios
41091 Sevilla,4109105 Sevilla distrito 05,4109105011 Sevilla sección 05011,Renta neta media por hogar,2023,17450.0,Los Remedios
41091 Sevilla,4109105 Sevilla distrito 05,4109105012 Sevilla sección 05012,Renta neta media por hogar,2023,28177.0,Los Remedios
41091 Sevilla,4109105 Sevilla distrito 05,4109105013 Sevilla sección 05013,Renta neta media por hogar,2023,17450.0,Los Remedios
41091 Sevilla,4109105 Sevilla distrito 05,4109105014 Sevilla sección 05014,Renta neta media por hogar,2023,46629.0,Los Remedios
41091 Sevilla,4109105 Sevilla distrito 05,4109105015 Sevilla sección 05015,Renta neta media por hogar,2023,27541.0,Los Remedios
41091 Sevilla,4109105 Sevilla distrito 05,4109105016 Sevilla sección 05016,Renta neta media por hogar,2023,25858.0,Los Remedios
41091 Sevilla,4109105 Sevilla distrito 05,4109105017 Sevilla sección 05017,Renta neta media por hogar,2023,47469.0,Los Remedios
41091 Sevilla,4109105 Sevilla distrito 05,4109105018 Sevilla sección 05018,Renta neta media por hogar,2023,17740.0,Los Remedios
41091 Sevilla,4109105 Sevilla distrito 05,4109105019 Sevilla sección 05019,Renta neta media por hogar,2023,65607.0,Los Remedios
41091 Sevilla,4109105 Sevilla distrito 05,4109105020 Sevilla sección 05020,Renta neta media por hogar,2023,60216.0,Los Remedios
41091 Sevilla,4109105 Sevilla distrito 05,4109105021 Sevilla sección 05021,Renta neta media por hogar,2023,49449.0,Los Remedios
41091 Sevilla,4109105 Sevilla distrito 05,4109105022 Sevilla sección 05022,Renta neta media por hogar,2023,75574.0,Los Remedios
41091 Sevilla,4109105 Sevilla distrito 05,4109105023 Sevilla sección 05023,Renta neta media por hogar,2023,77734.0,Los Remedios
41091 Sevilla,4109105 Sevilla distrito 05,4109105024 Sevilla sección 05024,Renta neta media por hogar,2023,29603.0,Los Remedios
41091 Sevilla,4109105 Sevilla distrito 05,4109105025 Sevilla sección 05025,Renta neta media por hogar,2023,75545.0,Los Remedios
41091 Sevilla,4109105 Sevilla distrito 05,4109105027 Sevilla sección 05027,Renta neta media por hogar,2023,37678.0,Los Remedios
41091 Sevilla,4109105 Sevilla distrito 05,4109105029 Sevilla sección 05029,Renta neta media por hogar,2023,43231.0,Los Remedios
41091 Sevilla,4109105 Sevilla distrito 05,4109105030 Sevilla sección 05030,Renta neta media por hogar,2023,44627.0,Los Remedios
41091 Sevilla,4109105 Sevilla distrito 05,4109105031 Sevilla sección 05031,Renta neta media por hogar,2023,20845.0,Los Remedios
41091 Sevilla,4109105 Sevilla distrito 05,4109105032 Sevilla sección 05032,Renta neta media por hogar,2023,24426.0,Los Remedios
41091 Sevilla,4109105 Sevilla distrito 05,4109105033 Sevilla sección 05033,Renta neta media por hogar,2023,26584.0,Los Remedios
41091 Sevilla,4109105 Sevilla distrito 05,4109105034 Sevilla sección 05034,Renta neta media por hogar,2023,18969.0,Los Remedios
41091 Sevilla,4109105 Sevilla distrito 05,4109105035 Sevilla sección 05035,Renta neta media por hogar,2023,21105.0,Los Remedios
41091 Sevilla,4109105 Sevilla distrito 05,4109105036 Sevilla sección 05036,Renta neta media por hogar,2023,,Los Remedios
41091 Sevilla,4109105 Sevilla distrito 05,4109105037 Sevilla sección 05037,Renta neta media por hogar,2023,31377.0,Los Remedios
41091 Sevilla,4109105 Sevilla distrito 05,4109105038 Sevilla sección 05038,Renta neta media por hogar,2023,29060.0,Los Remedios
41091 Sevilla,4109105 Sevilla distrito 05,4109105039 Sevilla sección 05039,Renta neta media por hogar,2023,25915.0,Los Remedios
41091 Sevilla,4109105 Sevilla distrito 05,4109105040 Sevilla sección 05040,Renta neta media por hogar,2023,38720.0,Los Remedios
41091 Sevilla,4109105 Sevilla distrito 05,4109105041 Sevilla sección 05041,Renta neta media por hogar,2023,66429.0,Los Remedios
41091 Sevilla,4109105 Sevilla distrito 05,4109105042 Sevilla sección 05042,Renta neta media por hogar,2023,24095.0,Los Remedios
41091 Sevilla,4109105 Sevilla distrito 05,4109105043 Sevilla sección 05043,Renta neta media por hogar,2023,28479.0,Los Remedios
41091 Sevilla,4109105 Sevilla distrito 05,4109105044 Sevilla sección 05044,Renta neta media por hogar,2023,18787.0,Los Remedios
41091 Sevilla,4109105 Sevilla distrito 05,4109105045 Sevilla sección 05045,Renta neta media por hogar,2023,17450.0,Los Remedios
41091 Sevilla,4109105 Sevilla distrito 05,4109105046 Sevilla sección 05046,Renta neta media por hogar,2023,29204.0,Los Remedios
41091 Sevilla,4109105 Sevilla distrito 05,4109105047 Sevilla sección 05047,Renta neta media por hogar,2023,17450.0,Los Remedios
41091 Sevilla,4109105 Sevilla distrito 05,4109105048 Sevilla sección 05048,Renta neta media por hogar,2023,90080.0,Los Remedios
41091 Sevilla,4109105 Sevilla distrito 05,4109105049 Sevilla sección 05049,Renta neta media por hogar,2023,28976.0,Los Remedios
41091 Sevilla,4109105 Sevilla distrito 05,4109105050 Sevilla sección 05050,Renta neta media por hogar,2023,,Los Remedios
41091 Sevilla,4109105 Sevilla distrito 05,4109105051 Sevilla sección 05051,Renta neta media por hogar,2023,26865.0,Los Remedios
41091 Sevilla,4109105 Sevilla distrito 05,4109105052 Sevilla sección 05052,Renta neta media por hogar,2023,17805.0,Los Remedios
41091 Sevilla,4109105 Sevilla distrito 05,4109105053 Sevilla sección 05053,Renta neta media por hogar,2023,,Los Remedios
41091 Sevilla,4109105 Sevilla distrito 05,4109105054 Sevilla sección 05054,Renta neta media por hogar,2023,41304.0,Los Remedios
41091 Sevilla,4109105 Sevilla distrito 05,4109105055 Sevilla sección 05055,Renta neta media por hogar,2023,,Los Remedios
41091 Sevilla,4109105 Sevilla distrito 05,4109105056 Sevilla sección 05056,Renta neta media por hogar,2023,17450.0,Los Remedios
41091 Sevilla,4109105 Sevilla distrito 05,4109105057 Sevilla sección 05057,Renta neta media por hogar,2023,62471.0,Los Remedios
41091 Sevilla,4109105 Sevilla distrito 05,4109105073 Sevilla sección 05073,Renta neta media por hogar,2023,,Los Remedios
41091 Sevilla,4109106 Sevilla distrito 06,4109106001 Sevilla sección 06001,Renta neta media por hogar,2023,60923.0,Macarena
41091 Sevilla,4109106 Sevilla distrito 06,4109106002 Sevilla sección 06002,Renta neta media por hogar,2023,51076.0,Macarena
41091 Sevilla,4109106 Sevilla distrito 06,4109106003 Sevilla sección 06003,Renta neta media por hogar,2023,49799.0,Macarena
41091 Sevilla,4109106 Sevilla distrito 06,4109106004 Sevilla sección 06004,Renta neta media por hogar,2023,42279.0,Macarena
41091 Sevilla,4109106 Sevilla distrito 06,4109106005 Sevilla sección 06005,Renta neta media por hogar,2023,42668.0,Macarena
41091 Sevilla,4109106 Sevilla distrito 06,4109106006 Sevilla sección 06006,Renta neta media por hogar,2023,40416.0,Macarena
41091 Sevilla,4109106 Sevilla distrito 06,4109106007 Sevilla sección 06007,Renta neta media por hogar,2023,38639.0,Macarena
41091 Sevilla,4109106 Sevilla distrito 06,4109106008 Sevilla sección 06008,Renta neta media por hogar,2023,41018.0,Macarena
41091 Sevilla,4109106 Sevilla distrito 06,4109106009 Sevilla sección 06009,Renta neta media por hogar,2023,39200.0,Macarena
41091 Sevilla,4109106 Sevilla distrito 06,4109106010 Sevilla sección 06010,Renta neta media por hogar,2023,35854.0,Macarena
41091 Sevilla,4109106 Sevilla distrito 06,4109106011 Sevilla sección 06011,Renta neta media por hogar,2023,45013.0,Macarena
41091 Sevilla,4109106 Sevilla distrito 06,4109106012 Sevilla sección 06012,Renta neta media por hogar,2023,43555.0,Macarena
41091 Sevilla,4109106 Sevilla distrito 06,4109106013 Sevilla sección 06013,Renta neta media por hogar,2023,42383.0,Macarena
41091 Sevilla,4109106 Sevilla distrito 06,4109106014 Sevilla sección 06014,Renta neta media por hogar,2023,41510.0,Macarena
41091 Sevilla,4109106 Sevilla distrito 06,4109106015 Sevilla sección 06015,Renta neta media por hogar,2023,42498.0,Macarena
41091 Sevilla,4109106 Sevilla distrito 06,4109106016 Sevilla sección 06016,Renta neta media por hogar,2023,43315.0,Macarena
41091 Sevilla,4109106 Sevilla distrito 06,4109106017 Sevilla sección 06017,Renta neta media por hogar,2023,45146.0,Macarena
41091 Sevilla,4109106 Sevilla distrito 06,4109106018 Sevilla sección 06018,Renta neta media por hogar,2023,35059.0,Macarena
41091 Sevilla,4109106 Sevilla distrito 06,4109106019 Sevilla sección 06019,Renta neta media por hogar,2023,36209.0,Macarena
41091 Sevilla,4109106 Sevilla distrito 06,4109106020 Sevilla sección 06020,Renta neta media por hogar,2023,38031.0,Macarena
41091 Sevilla,4109106 Sevilla distrito 06,4109106021 Sevilla sección 06021,Renta neta media por hogar,2023,39918.0,Macarena
41091 Sevilla,4109106 Sevilla distrito 06,4109106022 Sevilla sección 06022,Renta neta media por hogar,2023,42875.0,Macarena
41091 Sevilla,4109106 Sevilla distrito 06,4109106023 Sevilla sección 06023,Renta neta media por hogar,2023,39962.0,Macarena
41091 Sevilla,4109106 Sevilla distrito 06,4109106024 Sevilla sección 06024,Renta neta media por hogar,2023,34632.0,Macarena
41091 Sevilla,4109106 Sevilla distrito 06,4109106025 Sevilla sección 06025,Renta neta media por hogar,2023,42605.0,Macarena
41091 Sevilla,4109106 Sevilla distrito 06,4109106026 Sevilla sección 06026,Renta neta media por hogar,2023,39647.0,Macarena
41091 Sevilla,4109106 Sevilla distrito 06,4109106027 Sevilla sección 06027,Renta neta media por hogar,2023,31215.0,Macarena
41091 Sevilla,4109106 Sevilla distrito 06,4109106028 Sevilla sección 06028,Renta neta media por hogar,2023,29777.0,Macarena
41091 Sevilla,4109106 Sevilla distrito 06,4109106029 Sevilla sección 06029,Renta neta media por hogar,2023,46559.0,Macarena
41091 Sevilla,4109106 Sevilla distrito 06,4109106030 Sevilla sección 06030,Renta neta media por hogar,2023,,Macarena
41091 Sevilla,4109106 Sevilla distrito 06,4109106031 Sevilla sección 06031,Renta neta media por hogar,2023,44908.0,Macarena
41091 Sevilla,4109106 Sevilla distrito 06,4109106032 Sevilla sección 06032,Renta neta media por hogar,2023,,Macarena
41091 Sevilla,4109106 Sevilla distrito 06,4109106033 Sevilla sección 06033,Renta neta media por hogar,2023,35857.0,Macarena
41091 Sevilla,4109106 Sevilla distrito 06,4109106034 Sevilla sección 06034,Renta neta media por hogar,2023,41107.0,Macarena
41091 Sevilla,4109106 Sevilla distrito 06,4109106035 Sevilla sección 06035,Renta neta media por hogar,2023,33650.0,Macarena
41091 Sevilla,4109106 Sevilla distrito 06,4109106036 Sevilla sección 06036,Renta neta media por hogar,2023,50047.0,Macarena
41091 Sevilla,4109106 Sevilla distrito 06,4109106037 Sevilla sección 06037,Renta neta media por hogar,2023,56343.0,Macarena
41091 Sevilla,4109106 Sevilla distrito 06,4109106038 Sevilla sección 06038,Renta neta media por hogar,2023,29144.0,Macarena
41091 Sevilla,4109106 Sevilla distrito 06,4109106039 Sevilla sección 06039,Renta neta media por hogar,2023,36664.0,Macarena
41091 Sevilla,4109106 Sevilla distrito 06,4109106040 Sevilla sección 06040,Renta neta media por hogar,2023,27315.0,Macarena
41091 Sevilla,4109106 Sevilla distrito 06,4109106041 Sevilla sección 06041,Renta neta media por hogar,2023,23337.0,Macarena
41091 Sevilla,4109106 Sevilla distrito 06,4109106042 Sevilla sección 06042,Renta neta media por hogar,2023,29790.0,Macarena
41091 Sevilla,4109106 Sevilla distrito 06,4109106043 Sevilla sección 06043,Renta neta media por hogar,2023,28907.0,Macarena
41091 Sevilla,4109107 Sevilla distrito 07,4109107001 Sevilla sección 07001,Renta neta media por hogar,2023,37956.0,Nervión
41091 Sevilla,4109107 Sevilla distrito 07,4109107002 Sevilla sección 07002,Renta neta media por hogar,2023,40965.0,Nervión
41091 Sevilla,4109107 Sevilla distrito 07,4109107003 Sevilla sección 07003,Renta neta media por hogar,2023,28033.0,Nervión
41091 Sevilla,4109107 Sevilla distrito 07,4109107004 Sevilla sección 07004,Renta neta media por hogar,2023,39412.0,Nervión
41091 Sevilla,4109107 Sevilla distrito 07,4109107005 Sevilla sección 07005,Renta neta media por hogar,2023,39977.0,Nervión
41091 Sevilla,4109107 Sevilla distrito 07,4109107006 Sevilla sección 07006,Renta neta media por hogar,2023,36747.0,Nervión
41091 Sevilla,4109107 Sevilla distrito 07,4109107007 Sevilla sección 07007,Renta neta media por hogar,2023,34380.0,Nervión
41091 Sevilla,4109107 Sevilla distrito 07,4109107008 Sevilla sección 07008,Renta neta media por hogar,2023,33255.0,Nervión
41091 Sevilla,4109107 Sevilla distrito 07,4109107009 Sevilla sección 07009,Renta neta media por hogar,2023,29232.0,Nervión
41091 Sevilla,4109107 Sevilla distrito 07,4109107010 Sevilla sección 07010,Renta neta media por hogar,2023,37293.0,Nervión
41091 Sevilla,4109107 Sevilla distrito 07,4109107011 Sevilla sección 07011,Renta neta media por hogar,2023,33606.0,Nervión
41091 Sevilla,4109107 Sevilla distrito 07,4109107012 Sevilla sección 07012,Renta neta media por hogar,2023,33841.0,Nervión
41091 Sevilla,4109107 Sevilla distrito 07,4109107013 Sevilla sección 07013,Renta neta media por hogar,2023,27811.0,Nervión
41091 Sevilla,4109107 Sevilla distrito 07,4109107014 Sevilla sección 07014,Renta neta media por hogar,2023,28007.0,Nervión
41091 Sevilla,4109107 Sevilla distrito 07,4109107015 Sevilla sección 07015,Renta neta media por hogar,2023,26784.0,Nervión
41091 Sevilla,4109107 Sevilla distrito 07,4109107016 Sevilla sección 07016,Renta neta media por hogar,2023,22716.0,Nervión
41091 Sevilla,4109107 Sevilla distrito 07,4109107017 Sevilla sección 07017,Renta neta media por hogar,2023,20613.0,Nervión
41091 Sevilla,4109107 Sevilla distrito 07,4109107018 Sevilla sección 07018,Renta neta media por hogar,2023,26229.0,Nervión
41091 Sevilla,4109107 Sevilla distrito 07,4109107019 Sevilla sección 07019,Renta neta media por hogar,2023,25943.0,Nervión
41091 Sevilla,4109107 Sevilla distrito 07,4109107020 Sevilla sección 07020,Renta neta media por hogar,2023,19175.0,Nervión
41091 Sevilla,4109107 Sevilla distrito 07,4109107021 Sevilla sección 07021,Renta neta media por hogar,2023,30027.0,Nervión
41091 Sevilla,4109107 Sevilla distrito 07,4109107022 Sevilla sección 07022,Renta neta media por hogar,2023,33610.0,Nervión
41091 Sevilla,4109107 Sevilla distrito 07,4109107023 Sevilla sección 07023,Renta neta media por hogar,2023,30703.0,Nervión
41091 Sevilla,4109107 Sevilla distrito 07,4109107024 Sevilla sección 07024,Renta neta media por hogar,2023,31918.0,Nervión
41091 Sevilla,4109107 Sevilla distrito 07,4109107025 Sevilla sección 07025,Renta neta media por hogar,2023,41011.0,Nervión
41091 Sevilla,4109107 Sevilla distrito 07,4109107026 Sevilla sección 07026,Renta neta media por hogar,2023,43364.0,Nervión
41091 Sevilla,4109107 Sevilla distrito 07,4109107027 Sevilla sección 07027,Renta neta media por hogar,2023,29787.0,Nervión
41091 Sevilla,4109107 Sevilla distrito 07,4109107028 Sevilla sección 07028,Renta neta media por hogar,2023,30376.0,Nervión
41091 Sevilla,4109107 Sevilla distrito 07,4109107029 Sevilla sección 07029,Renta neta media por hogar,2023,30939.0,Nervión
41091 Sevilla,4109107 Sevilla distrito 07,4109107030 Sevilla sección 07030,Renta neta media por hogar,2023,27962.0,Nervión
41091 Sevilla,4109107 Sevilla distrito 07,4109107031 Sevilla sección 07031,Renta neta media por hogar,2023,31127.0,Nervión
41091 Sevilla,4109107 Sevilla distrito 07,4109107032 Sevilla sección 07032,Renta neta media por hogar,2023,37721.0,Nervión
41091 Sevilla,4109107 Sevilla distrito 07,4109107033 Sevilla sección 07033,Renta neta media por hogar,2023,32334.0,Nervión
41091 Sevilla,4109107 Sevilla distrito 07,4109107034 Sevilla sección 07034,Renta neta media por hogar,2023,30173.0,Nervión
41091 Sevilla,4109107 Sevilla distrito 07,4109107035 Sevilla sección 07035,Renta neta media por hogar,2023,29852.0,Nervión
41091 Sevilla,4109107 Sevilla distrito 07,4109107036 Sevilla sección 07036,Renta neta media por hogar,2023,27900.0,Nervión
41091 Sevilla,4109107 Sevilla distrito 07,4109107037 Sevilla sección 07037,Renta neta media por hogar,2023,28287.0,Nervión
41091 Sevilla,4109107 Sevilla distrito 07,4109107038 Sevilla sección 07038,Renta neta media por hogar,2023,24777.0,Nervión
41091 Sevilla,4109107 Sevilla distrito 07,4109107039 Sevilla sección 07039,Renta neta media por hogar,2023,23900.0,Nervión
41091 Sevilla,4109107 Sevilla distrito 07,4109107040 Sevilla sección 07040,Renta neta media por hogar,2023,33081.0,Nervión
41091 Sevilla,4109107 Sevilla distrito 07,4109107041 Sevilla sección 07041,Renta neta media por hogar,2023,27885.0,Nervión
41091 Sevilla,4109107 Sevilla distrito 07,4109107042 Sevilla sección 07042,Renta neta media por hogar,2023,27194.0,Nervión
41091 Sevilla,4109107 Sevilla distrito 07,4109107043 Sevilla sección 07043,Renta neta media por hogar,2023,27892.0,Nervión
41091 Sevilla,4109107 Sevilla distrito 07,4109107044 Sevilla sección 07044,Renta neta media por hogar,2023,29097.0,Nervión
41091 Sevilla,4109107 Sevilla distrito 07,4109107045 Sevilla sección 07045,Renta neta media por hogar,2023,27454.0,Nervión
41091 Sevilla,4109107 Sevilla distrito 07,4109107046 Sevilla sección 07046,Renta neta media por hogar,2023,32441.0,Nervión
41091 Sevilla,4109107 Sevilla distrito 07,4109107047 Sevilla sección 07047,Renta neta media por hogar,2023,37938.0,Nervión
41091 Sevilla,4109107 Sevilla distrito 07,4109107048 Sevilla sección 07048,Renta neta media por hogar,2023,30851.0,Nervión
41091 Sevilla,4109107 Sevilla distrito 07,4109107049 Sevilla sección 07049,Renta neta media por hogar,2023,29301.0,Nervión
41091 Sevilla,4109107 Sevilla distrito 07,4109107050 Sevilla sección 07050,Renta neta media por hogar,2023,30168.0,Nervión
41091 Sevilla,4109107 Sevilla distrito 07,4109107051 Sevilla sección 07051,Renta neta media por hogar,2023,29474.0,Nervión
41091 Sevilla,4109108 Sevilla distrito 08,4109108001 Sevilla sección 08001,Renta neta media por hogar,2023,41445.0,Triana
41091 Sevilla,4109108 Sevilla distrito 08,4109108002 Sevilla sección 08002,Renta neta media por hogar,2023,40131.0,Triana
41091 Sevilla,4109108 Sevilla distrito 08,4109108003 Sevilla sección 08003,Renta neta media por hogar,2023,46408.0,Triana
41091 Sevilla,4109108 Sevilla distrito 08,4109108004 Sevilla sección 08004,Renta neta media por hogar,2023,58032.0,Triana
41091 Sevilla,4109108 Sevilla distrito 08,4109108005 Sevilla sección 08005,Renta neta media por hogar,2023,56507.0,Triana
41091 Sevilla,4109108 Sevilla distrito 08,4109108006 Sevilla sección 08006,Renta neta media por hogar,2023,48399.0,Triana
41091 Sevilla,4109108 Sevilla distrito 08,4109108007 Sevilla sección 08007,Renta neta media por hogar,2023,48975.0,Triana
41091 Sevilla,4109108 Sevilla distrito 08,4109108008 Sevilla sección 08008,Renta neta media por hogar,2023,52646.0,Triana
41091 Sevilla,4109108 Sevilla distrito 08,4109108009 Sevilla sección 08009,Renta neta media por hogar,2023,42356.0,Triana
41091 Sevilla,4109108 Sevilla distrito 08,4109108010 Sevilla sección 08010,Renta neta media por hogar,2023,42965.0,Triana
41091 Sevilla,4109108 Sevilla distrito 08,4109108011 Sevilla sección 08011,Renta neta media por hogar,2023,40256.0,Triana
41091 Sevilla,4109108 Sevilla distrito 08,4109108012 Sevilla sección 08012,Renta neta media por hogar,2023,29421.0,Triana
41091 Sevilla,4109108 Sevilla distrito 08,4109108013 Sevilla sección 08013,Renta neta media por hogar,2023,,Triana
41091 Sevilla,4109108 Sevilla distrito 08,4109108014 Sevilla sección 08014,Renta neta media por hogar,2023,25029.0,Triana
41091 Sevilla,4109108 Sevilla distrito 08,4109108015 Sevilla sección 08015,Renta neta media por hogar,2023,43794.0,Triana
41091 Sevilla,4109108 Sevilla distrito 08,4109108016 Sevilla sección 08016,Renta neta media por hogar,2023,34486.0,Triana
41091 Sevilla,4109108 Sevilla distrito 08,4109108017 Sevilla sección 08017,Renta neta media por hogar,2023,33595.0,Triana
41091 Sevilla,4109108 Sevilla distrito 08,4109108018 Sevilla sección 08018,Renta neta media por hogar,2023,55325.0,Triana
41091 Sevilla,4109108 Sevilla distrito 08,4109108019 Sevilla sección 08019,Renta neta media por hogar,2023,74182.0,Triana
41091 Sevilla,4109108 Sevilla distrito 08,4109108020 Sevilla sección 08020,Renta neta media por hogar,2023,62426.0,Triana
41091 Sevilla,4109108 Sevilla distrito 08,4109108021 Sevilla sección 08021,Renta neta media por hogar,2023,23290.0,Triana
41091 Sevilla,4109108 Sevilla distrito 08,4109108022 Sevilla sección 08022,Renta neta media por hogar,2023,25141.0,Triana
41091 Sevilla,4109108 Sevilla distrito 08,4109108023 Sevilla sección 08023,Renta neta media por hogar,2023,41720.0,Triana
41091 Sevilla,4109108 Sevilla distrito 08,4109108024 Sevilla sección 08024,Renta neta media por hogar,2023,27353.0,Triana
41091 Sevilla,4109108 Sevilla distrito 08,4109108025 Sevilla sección 08025,Renta neta media por hogar,2023,37886.0,Triana
41091 Sevilla,4109108 Sevilla distrito 08,4109108026 Sevilla sección 08026,Renta neta media por hogar,2023,31319.0,Triana
41091 Sevilla,4109108 Sevilla distrito 08,4109108027 Sevilla sección 08027,Renta neta media por hogar,2023,28098.0,Triana
41091 Sevilla,4109108 Sevilla distrito 08,4109108028 Sevilla sección 08028,Renta neta media por hogar,2023,38941.0,Triana
41091 Sevilla,4109108 Sevilla distrito 08,4109108029 Sevilla sección 08029,Renta neta media por hogar,2023,39940.0,Triana
41091 Sevilla,4109108 Sevilla distrito 08,4109108030 Sevilla sección 08030,Renta neta media por hogar,2023,31890.0,Triana
41091 Sevilla,4109108 Sevilla distrito 08,4109108031 Sevilla sección 08031,Renta neta media por hogar,2023,33272.0,Triana
41091 Sevilla,4109108 Sevilla distrito 08,4109108032 Sevilla sección 08032,Renta neta media por hogar,2023,35167.0,Triana
41091 Sevilla,4109108 Sevilla distrito 08,4109108033 Sevilla sección 08033,Renta neta media por hogar,2023,41087.0,Triana
41091 Sevilla,4109108 Sevilla distrito 08,4109108034 Sevilla sección 08034,Renta neta media por hogar,2023,22987.0,Triana
41091 Sevilla,4109108 Sevilla distrito 08,4109108035 Sevilla sección 08035,Renta neta media por hogar,2023,25696.0,Triana
41091 Sevilla,4109108 Sevilla distrito 08,4109108036 Sevilla sección 08036,Renta neta media por hogar,2023,62664.0,Triana
41091 Sevilla,4109108 Sevilla distrito 08,4109108037 Sevilla sección 08037,Renta neta media por hogar,2023,22282.0,Triana
41091 Sevilla,4109108 Sevilla distrito 08,4109108038 Sevilla sección 08038,Renta neta media por hogar,2023,27188.0,Triana
41091 Sevilla,4109108 Sevilla distrito 08,4109108039 Sevilla sección 08039,Renta neta media por hogar,2023,28852.0,Triana
41091 Sevilla,4109108 Sevilla distrito 08,4109108041 Sevilla sección 08041,Renta neta media por hogar,2023,26404.0,Triana
41091 Sevilla,4109108 Sevilla distrito 08,4109108042 Sevilla sección 08042,Renta neta media por hogar,2023,24139.0,Triana
41091 Sevilla,4109108 Sevilla distrito 08,4109108043 Sevilla sección 08043,Renta neta media por hogar,2023,25943.0,Triana
41091 Sevilla,4109108 Sevilla distrito 08,4109108045 Sevilla sección 08045,Renta neta media por hogar,2023,25490.0,Triana
41091 Sevilla,4109108 Sevilla distrito 08,4109108046 Sevilla sección 08046,Renta neta media por hogar,2023,25716.0,Triana
41091 Sevilla,4109108 Sevilla distrito 08,4109108047 Sevilla sección 08047,Renta neta media por hogar,2023,23042.0,Triana
41091 Sevilla,4109108 Sevilla distrito 08,4109108048 Sevilla sección 08048,Renta neta media por hogar,2023,26220.0,Triana
41091 Sevilla,4109108 Sevilla distrito 08,4109108049 Sevilla sección 08049,Renta neta media por hogar,2023,27378.0,Triana
41091 Sevilla,4109108 Sevilla distrito 08,4109108050 Sevilla sección 08050,Renta neta media por hogar,2023,25383.0,Triana
41091 Sevilla,4109108 Sevilla distrito 08,4109108051 Sevilla sección 08051,Renta neta media por hogar,2023,,Triana
41091 Sevilla,4109108 Sevilla distrito 08,4109108052 Sevilla sección 08052,Renta neta media por hogar,2023,73414.0,Triana
41091 Sevilla,4109109 Sevilla distrito 09,4109109001 Sevilla sección 09001,Renta neta media por hogar,2023,31761.0,Macarena - Norte
41091 Sevilla,4109109 Sevilla distrito 09,4109109002 Sevilla sección 09002,Renta neta media por hogar,2023,38036.0,Macarena - Norte
41091 Sevilla,4109109 Sevilla distrito 09,4109109003 Sevilla sección 09003,Renta neta media por hogar,2023,43326.0,Macarena - Norte
41091 Sevilla,4109109 Sevilla distrito 09,4109109004 Sevilla sección 09004,Renta neta media por hogar,2023,37299.0,Macarena - Norte
41091 Sevilla,4109109 Sevilla distrito 09,4109109005 Sevilla sección 09005,Renta neta media por hogar,2023,54342.0,Macarena - Norte
41091 Sevilla,4109109 Sevilla distrito 09,4109109006 Sevilla sección 09006,Renta neta media por hogar,2023,50121.0,Macarena - Norte
41091 Sevilla,4109109 Sevilla distrito 09,4109109007 Sevilla sección 09007,Renta neta media por hogar,2023,64772.0,Macarena - Norte
41091 Sevilla,4109109 Sevilla distrito 09,4109109008 Sevilla sección 09008,Renta neta media por hogar,2023,49389.0,Macarena - Norte
41091 Sevilla,4109109 Sevilla distrito 09,4109109009 Sevilla sección 09009,Renta neta media por hogar,2023,49873.0,Macarena - Norte
41091 Sevilla,4109109 Sevilla distrito 09,4109109010 Sevilla sección 09010,Renta neta media por hogar,2023,61951.0,Macarena - Norte
41091 Sevilla,4109109 Sevilla distrito 09,4109109011 Sevilla sección 09011,Renta neta media por hogar,2023,47300.0,Macarena - Norte
41091 Sevilla,4109109 Sevilla distrito 09,4109109012 Sevilla sección 09012,Renta neta media por hogar,2023,26452.0,Macarena - Norte
41091 Sevilla,4109109 Sevilla distrito 09,4109109013 Sevilla sección 09013,Renta neta media por hogar,2023,26339.0,Macarena - Norte
41091 Sevilla,4109109 Sevilla distrito 09,4109109014 Sevilla sección 09014,Renta neta media por hogar,2023,31421.0,Macarena - Norte
41091 Sevilla,4109109 Sevilla distrito 09,4109109015 Sevilla sección 09015,Renta neta media por hogar,2023,31197.0,Macarena - Norte
41091 Sevilla,4109109 Sevilla distrito 09,4109109016 Sevilla sección 09016,Renta neta media por hogar,2023,29587.0,Macarena - Norte
41091 Sevilla,4109109 Sevilla distrito 09,4109109017 Sevilla sección 09017,Renta neta media por hogar,2023,32052.0,Macarena - Norte
41091 Sevilla,4109109 Sevilla distrito 09,4109109018 Sevilla sección 09018,Renta neta media por hogar,2023,24785.0,Macarena - Norte
41091 Sevilla,4109109 Sevilla distrito 09,4109109019 Sevilla sección 09019,Renta neta media por hogar,2023,17450.0,Macarena - Norte
41091 Sevilla,4109109 Sevilla distrito 09,4109109020 Sevilla sección 09020,Renta neta media por hogar,2023,19499.0,Macarena - Norte
41091 Sevilla,4109109 Sevilla distrito 09,4109109021 Sevilla sección 09021,Renta neta media por hogar,2023,17450.0,Macarena - Norte
41091 Sevilla,4109109 Sevilla distrito 09,4109109022 Sevilla sección 09022,Renta neta media por hogar,2023,19146.0,Macarena - Norte
41091 Sevilla,4109109 Sevilla distrito 09,4109109023 Sevilla sección 09023,Renta neta media por hogar,2023,24723.0,Macarena - Norte
41091 Sevilla,4109109 Sevilla distrito 09,4109109024 Sevilla sección 09024,Renta neta media por hogar,2023,25332.0,Macarena - Norte
41091 Sevilla,4109109 Sevilla distrito 09,4109109025 Sevilla sección 09025,Renta neta media por hogar,2023,24549.0,Macarena - Norte
41091 Sevilla,4109109 Sevilla distrito 09,4109109026 Sevilla sección 09026,Renta neta media por hogar,2023,25703.0,Macarena - Norte
41091 Sevilla,4109109 Sevilla distrito 09,4109109027 Sevilla sección 09027,Renta neta media por hogar,2023,25122.0,Macarena - Norte
41091 Sevilla,4109109 Sevilla distrito 09,4109109028 Sevilla sección 09028,Renta neta media por hogar,2023,44556.0,Macarena - Norte
41091 Sevilla,4109109 Sevilla distrito 09,4109109029 Sevilla sección 09029,Renta neta media por hogar,2023,49194.0,Macarena - Norte
41091 Sevilla,4109109 Sevilla distrito 09,4109109030 Sevilla sección 09030,Renta neta media por hogar,2023,53238.0,Macarena - Norte
41091 Sevilla,4109109 Sevilla distrito 09,4109109031 Sevilla sección 09031,Renta neta media por hogar,2023,46856.0,Macarena - Norte
41091 Sevilla,4109109 Sevilla distrito 09,4109109032 Sevilla sección 09032,Renta neta media por hogar,2023,46714.0,Macarena - Norte
41091 Sevilla,4109109 Sevilla distrito 09,4109109033 Sevilla sección 09033,Renta neta media por hogar,2023,46304.0,Macarena - Norte
41091 Sevilla,4109109 Sevilla distrito 09,4109109034 Sevilla sección 09034,Renta neta media por hogar,2023,48386.0,Macarena - Norte
41091 Sevilla,4109109 Sevilla distrito 09,4109109035 Sevilla sección 09035,Renta neta media por hogar,2023,42355.0,Macarena - Norte
41091 Sevilla,4109109 Sevilla distrito 09,4109109036 Sevilla sección 09036,Renta neta media por hogar,2023,48677.0,Macarena - Norte
41091 Sevilla,4109109 Sevilla distrito 09,4109109037 Sevilla sección 09037,Renta neta media por hogar,2023,40682.0,Macarena - Norte
41091 Sevilla,4109109 Sevilla distrito 09,4109109038 Sevilla sección 09038,Renta neta media por hogar,2023,,Macarena - Norte
41091 Sevilla,4109109 Sevilla distrito 09,4109109039 Sevilla sección 09039,Renta neta media por hogar,2023,25602.0,Macarena - Norte
41091 Sevilla,4109109 Sevilla distrito 09,4109109040 Sevilla sección 09040,Renta neta media por hogar,2023,25346.0,Macarena - Norte
41091 Sevilla,4109109 Sevilla distrito 09,4109109041 Sevilla sección 09041,Renta neta media por hogar,2023,28090.0,Macarena - Norte
41091 Sevilla,4109109 Sevilla distrito 09,4109109042 Sevilla sección 09042,Renta neta media por hogar,2023,29099.0,Macarena - Norte
41091 Sevilla,4109109 Sevilla distrito 09,4109109043 Sevilla sección 09043,Renta neta media por hogar,2023,28687.0,Macarena - Norte
41091 Sevilla,4109109 Sevilla distrito 09,4109109044 Sevilla sección 09044,Renta neta media por hogar,2023,29442.0,Macarena - Norte
41091 Sevilla,4109109 Sevilla distrito 09,4109109045 Sevilla sección 09045,Renta neta media por hogar,2023,31158.0,Macarena - Norte
41091 Sevilla,4109109 Sevilla distrito 09,4109109046 Sevilla sección 09046,Renta neta media por hogar,2023,37442.0,Macarena - Norte
41091 Sevilla,4109109 Sevilla distrito 09,4109109047 Sevilla sección 09047,Renta neta media por hogar,2023,35298.0,Macarena - Norte
41091 Sevilla,4109109 Sevilla distrito 09,4109109048 Sevilla sección 09048,Renta neta media por hogar,2023,37260.0,Macarena - Norte
41091 Sevilla,4109109 Sevilla distrito 09,4109109049 Sevilla sección 09049,Renta neta media por hogar,2023,40382.0,Macarena - Norte
41091 Sevilla,4109109 Sevilla distrito 09,4109109050 Sevilla sección 09050,Renta neta media por hogar,2023,35212.0,Macarena - Norte
41091 Sevilla,4109109 Sevilla distrito 09,4109109051 Sevilla sección 09051,Renta neta media por hogar,2023,41662.0,Macarena - Norte
41091 Sevilla,4109109 Sevilla distrito 09,4109109052 Sevilla sección 09052,Renta neta media por hogar,2023,46923.0,Macarena - Norte
41091 Sevilla,4109109 Sevilla distrito 09,4109109053 Sevilla sección 09053,Renta neta media por hogar,2023,44011.0,Macarena - Norte
41091 Sevilla,4109109 Sevilla distrito 09,4109109054 Sevilla sección 09054,Renta neta media por hogar,2023,28378.0,Macarena - Norte
41091 Sevilla,4109109 Sevilla distrito 09,4109109055 Sevilla sección 09055,Renta neta media por hogar,2023,25208.0,Macarena - Norte
41091 Sevilla,4109109 Sevilla distrito 09,4109109056 Sevilla sección 09056,Renta neta media por hogar,2023,28153.0,Macarena - Norte
41091 Sevilla,4109109 Sevilla distrito 09,4109109057 Sevilla sección 09057,Renta neta media por hogar,2023,28954.0,Macarena - Norte
41091 Sevilla,4109109 Sevilla distrito 09,4109109058 Sevilla sección 09058,Renta neta media por hogar,2023,28440.0,Macarena - Norte
41091 Sevilla,4109109 Sevilla distrito 09,4109109059 Sevilla sección 09059,Renta neta media por hogar,2023,39082.0,Macarena - Norte
41091 Sevilla,4109109 Sevilla distrito 09,4109109060 Sevilla sección 09060,Renta neta media por hogar,2023,38364.0,Macarena - Norte
41091 Sevilla,4109109 Sevilla distrito 09,4109109061 Sevilla sección 09061,Renta neta media por hogar,2023,52345.0,Macarena - Norte
41091 Sevilla,4109109 Sevilla distrito 09,4109109062 Sevilla sección 09062,Renta neta media por hogar,2023,29422.0,Macarena - Norte
41091 Sevilla,4109109 Sevilla distrito 09,4109109063 Sevilla sección 09063,Renta neta media por hogar,2023,26634.0,Macarena - Norte
41091 Sevilla,4109109 Sevilla distrito 09,4109109064 Sevilla sección 09064,Renta neta media por hogar,2023,37707.0,Macarena - Norte
41091 Sevilla,4109109 Sevilla distrito 09,4109109065 Sevilla sección 09065,Renta neta media por hogar,2023,35806.0,Macarena - Norte
41091 Sevilla,4109109 Sevilla distrito 09,4109109066 Sevilla sección 09066,Renta neta media por hogar,2023,31539.0,Macarena - Norte
41091 Sevilla,4109109 Sevilla distrito 09,4109109067 Sevilla sección 09067,Renta neta media por hogar,2023,47447.0,Macarena - Norte
41091 Sevilla,4109109 Sevilla distrito 09,4109109068 Sevilla sección 09068,Renta neta media por hogar,2023,35318.0,Macarena - Norte
41091 Sevilla,4109109 Sevilla distrito 09,4109109069 Sevilla sección 09069,Renta neta media por hogar,2023,24029.0,Macarena - Norte
41091 Sevilla,4109109 Sevilla distrito 09,4109109070 Sevilla sección 09070,Renta neta media por hogar,2023,35953.0,Macarena - Norte
41091 Sevilla,4109109 Sevilla distrito 09,4109109071 Sevilla sección 09071,Renta neta media por hogar,2023,45832.0,Macarena - Norte
41091 Sevilla,4109110 Sevilla distrito 10,4109110001 Sevilla sección 10001,Renta neta media por hogar,2023,30926.0,San Pablo - Santa Justa
41091 Sevilla,4109110 Sevilla distrito 10,4109110002 Sevilla sección 10002,Renta neta media por hogar,2023,29040.0,San Pablo - Santa Justa
41091 Sevilla,4109110 Sevilla distrito 10,4109110003 Sevilla sección 10003,Renta neta media por hogar,2023,30945.0,San Pablo - Santa Justa
41091 Sevilla,4109110 Sevilla distrito 10,4109110004 Sevilla sección 10004,Renta neta media por hogar,2023,29563.0,San Pablo - Santa Justa
41091 Sevilla,4109110 Sevilla distrito 10,4109110005 Sevilla sección 10005,Renta neta media por hogar,2023,28978.0,San Pablo - Santa Justa
41091 Sevilla,4109110 Sevilla distrito 10,4109110006 Sevilla sección 10006,Renta neta media por hogar,2023,29659.0,San Pablo - Santa Justa
41091 Sevilla,4109110 Sevilla distrito 10,4109110007 Sevilla sección 10007,Renta neta media por hogar,2023,29497.0,San Pablo - Santa Justa
41091 Sevilla,4109110 Sevilla distrito 10,4109110008 Sevilla sección 10008,Renta neta media por hogar,2023,27533.0,San Pablo - Santa Justa
41091 Sevilla,4109110 Sevilla distrito 10,4109110009 Sevilla sección 10009,Renta neta media por hogar,2023,46913.0,San Pablo - Santa Justa
41091 Sevilla,4109110 Sevilla distrito 10,4109110010 Sevilla sección 10010,Renta neta media por hogar,2023,46460.0,San Pablo - Santa Justa
41091 Sevilla,4109110 Sevilla distrito 10,4109110011 Sevilla sección 10011,Renta neta media por hogar,2023,42838.0,San Pablo - Santa Justa
41091 Sevilla,4109110 Sevilla distrito 10,4109110012 Sevilla sección 10012,Renta neta media por hogar,2023,69761.0,San Pablo - Santa Justa
41091 Sevilla,4109110 Sevilla distrito 10,4109110013 Sevilla sección 10013,Renta neta media por hogar,2023,52548.0,San Pablo - Santa Justa
41091 Sevilla,4109110 Sevilla distrito 10,4109110014 Sevilla sección 10014,Renta neta media por hogar,2023,,San Pablo - Santa Justa
41091 Sevilla,4109110 Sevilla distrito 10,4109110015 Sevilla sección 10015,Renta neta media por hogar,2023,36379.0,San Pablo - Santa Justa
41091 Sevilla,4109110 Sevilla distrito 10,4109110016 Sevilla sección 10016,Renta neta media por hogar,2023,83805.0,San Pablo - Santa Justa
41091 Sevilla,4109110 Sevilla distrito 10,4109110017 Sevilla sección 10017,Renta neta media por hogar,2023,68738.0,San Pablo - Santa Justa
41091 Sevilla,4109110 Sevilla distrito 10,4109110018 Sevilla sección 10018,Renta neta media por hogar,2023,47032.0,San Pablo - Santa Justa
41091 Sevilla,4109110 Sevilla distrito 10,4109110019 Sevilla sección 10019,Renta neta media por hogar,2023,35009.0,San Pablo - Santa Justa
41091 Sevilla,4109110 Sevilla distrito 10,4109110020 Sevilla sección 10020,Renta neta media por hogar,2023,42565.0,San Pablo - Santa Justa
41091 Sevilla,4109110 Sevilla distrito 10,4109110021 Sevilla sección 10021,Renta neta media por hogar,2023,50041.0,San Pablo - Santa Justa
41091 Sevilla,4109110 Sevilla distrito 10,4109110022 Sevilla sección 10022,Renta neta media por hogar,2023,34005.0,San Pablo - Santa Justa
41091 Sevilla,4109110 Sevilla distrito 10,4109110023 Sevilla sección 10023,Renta neta media por hogar,2023,70174.0,San Pablo - Santa Justa
41091 Sevilla,4109110 Sevilla distrito 10,4109110024 Sevilla sección 10024,Renta neta media por hogar,2023,52160.0,San Pablo - Santa Justa
41091 Sevilla,4109110 Sevilla distrito 10,4109110025 Sevilla sección 10025,Renta neta media por hogar,2023,37233.0,San Pablo - Santa Justa
41091 Sevilla,4109110 Sevilla distrito 10,4109110026 Sevilla sección 10026,Renta neta media por hogar,2023,49901.0,San Pablo - Santa Justa
41091 Sevilla,4109110 Sevilla distrito 10,4109110027 Sevilla sección 10027,Renta neta media por hogar,2023,49216.0,San Pablo - Santa Justa
41091 Sevilla,4109110 Sevilla distrito 10,4109110028 Sevilla sección 10028,Renta neta media por hogar,2023,54119.0,San Pablo - Santa Justa
41091 Sevilla,4109110 Sevilla distrito 10,4109110029 Sevilla sección 10029,Renta neta media por hogar,2023,84710.0,San Pablo - Santa Justa
41091 Sevilla,4109111 Sevilla distrito 11,4109111001 Sevilla sección 11001,Renta neta media por hogar,2023,47412.0,Sur
41091 Sevilla,4109111 Sevilla distrito 11,4109111002 Sevilla sección 11002,Renta neta media por hogar,2023,58809.0,Sur
41091 Sevilla,4109111 Sevilla distrito 11,4109111003 Sevilla sección 11003,Renta neta media por hogar,2023,24318.0,Sur
41091 Sevilla,4109111 Sevilla distrito 11,4109111004 Sevilla sección 11004,Renta neta media por hogar,2023,49781.0,Sur
41091 Sevilla,4109111 Sevilla distrito 11,4109111005 Sevilla sección 11005,Renta neta media por hogar,2023,49643.0,Sur
41091 Sevilla,4109111 Sevilla distrito 11,4109111006 Sevilla sección 11006,Renta neta media por hogar,2023,64622.0,Sur
41091 Sevilla,4109111 Sevilla distrito 11,4109111007 Sevilla sección 11007,Renta neta media por hogar,2023,66526.0,Sur
41091 Sevilla,4109111 Sevilla distrito 11,4109111008 Sevilla sección 11008,Renta neta media por hogar,2023,57659.0,Sur
41091 Sevilla,4109111 Sevilla distrito 11,4109111009 Sevilla sección 11009,Renta neta media por hogar,2023,77024.0,Sur
41091 Sevilla,4109111 Sevilla distrito 11,4109111010 Sevilla sección 11010,Renta neta media por hogar,2023,45950.0,Sur
41091 Sevilla,4109111 Sevilla distrito 11,4109111011 Sevilla sección 11011,Renta neta media por hogar,2023,57385.0,Sur
41091 Sevilla,4109111 Sevilla distrito 11,4109111012 Sevilla sección 11012,Renta neta media por hogar,2023,59547.0,Sur
41091 Sevilla,4109111 Sevilla distrito 11,4109111013 Sevilla sección 11013,Renta neta media por hogar,2023,60621.0,Sur
41091 Sevilla,4109111 Sevilla distrito 11,4109111014 Sevilla sección 11014,Renta neta media por hogar,2023,55293.0,Sur
41091 Sevilla,4109111 Sevilla distrito 11,4109111015 Sevilla sección 11015,Renta neta media por hogar,2023,66534.0,Sur
41091 Sevilla,4109111 Sevilla distrito 11,4109111016 Sevilla sección 11016,Renta neta media por hogar,2023,56788.0,Sur
41091 Sevilla,4109111 Sevilla distrito 11,4109111017 Sevilla sección 11017,Renta neta media por hogar,2023,57830.0,Sur
41091 Sevilla,4109111 Sevilla distrito 11,4109111018 Sevilla sección 11018,Renta neta media por hogar,2023,54056.0,Sur
41091 Sevilla,4109111 Sevilla distrito 11,4109111019 Sevilla sección 11019,Renta neta media por hogar,2023,55883.0,Sur
